{
  "id": "",
  "name": "",
  "font_family": "iconfont",
  "css_prefix_text": "icon-",
  "description": "",
  "glyphs": [
    {
      "icon_id": "122688",
      "name": "back",
      "font_class": "back",
      "unicode": "e697",
      "unicode_decimal": 59031
    },
    {
      "icon_id": "122691",
      "name": "close",
      "font_class": "close",
      "unicode": "e69a",
      "unicode_decimal": 59034
    },
    {
      "icon_id": "122702",
      "name": "less",
      "font_class": "less",
      "unicode": "e6a5",
      "unicode_decimal": 59045
    },
    {
      "icon_id": "122703",
      "name": "more_unfold",
      "font_class": "moreunfold",
      "unicode": "e6a6",
      "unicode_decimal": 59046
    },
    {
      "icon_id": "122704",
      "name": "more",
      "font_class": "more",
      "unicode": "e6a7",
      "unicode_decimal": 59047
    },
    {
      "icon_id": "122707",
      "name": "refresh",
      "font_class": "refresh",
      "unicode": "e6aa",
      "unicode_decimal": 59050
    },
    {
      "icon_id": "122709",
      "name": "search",
      "font_class": "search",
      "unicode": "e6ac",
      "unicode_decimal": 59052
    },
    {
      "icon_id": "122710",
      "name": "selected",
      "font_class": "selected",
      "unicode": "e6ad",
      "unicode_decimal": 59053
    },
    {
      "icon_id": "351751",
      "name": "分享",
      "font_class": "fenxiang",
      "unicode": "e60b",
      "unicode_decimal": 58891
    },
    {
      "icon_id": "492232",
      "name": "刷新",
      "font_class": "unie638",
      "unicode": "e602",
      "unicode_decimal": 58882
    },
    {
      "icon_id": "1006013",
      "name": "刷新",
      "font_class": "shuaxin",
      "unicode": "e61d",
      "unicode_decimal": 58909
    },
    {
      "icon_id": "2127439",
      "name": "分享",
      "font_class": "fenxiang1",
      "unicode": "e899",
      "unicode_decimal": 59545
    },
    {
      "icon_id": "7206377",
      "name": "购物车",
      "font_class": "che",
      "unicode": "e501",
      "unicode_decimal": 58625
    },
    {
      "icon_id": "9241200",
      "name": "收 藏 (1)",
      "font_class": "shoucang",
      "unicode": "e5db",
      "unicode_decimal": 58843
    },
    {
      "icon_id": "10296829",
      "name": "购物 车",
      "font_class": "gouwuche",
      "unicode": "e619",
      "unicode_decimal": 58905
    }
  ]
}
